model,dataset,auc,acc,eer,ap
xception,UADFV,0.8483965014577259,0.8061224489795918,0.20408163265306123,0.8473912282645363
meso4,UADFV,0.5794756904356112,0.5004840271055179,0.45801033591731266,0.5719879983379743
meso4Inception,UADFV,0.8255743148123157,0.6550500161342369,0.26356589147286824,0.8162402507717699
ffd,UADFV,0.9500047481244909,0.829622458857696,0.12338501291989665,0.9489923960781823
core,UADFV,0.9608825347321143,0.845434010971281,0.1020671834625323,0.9644642898649991
